8.91,8.611,140.00,1,24184,2017
8.65,8.491,69.99,2,30715,2015
8.54,8.258,69.95,3,15392,2015
8.40,8.241,69.95,4,37714,2016
8.33,8.175,64.99,5,34100,2005
8.45,8.162,99.95,6,16323,2016
8.56,8.125,83.97,7,8919,2017
8.29,8.120,90.00,8,38697,2016
8.29,8.078,69.95,9,18738,2016
8.73,8.067,149.95,10,6331,2017
8.20,8.050,79.99,11,32323,2012
8.42,8.031,89.99,12,9667,2012
8.13,8.012,41.99,13,36243,2011
8.13,7.992,29.99,14,39907,2015
8.38,7.991,79.95,15,10314,2017
8.62,7.978,59.00,16,5203,2018
8.14,7.927,60.00,18,17058,2015
8.10,7.926,64.99,19,19487,2013
8.04,7.923,44.99,20,56057,2002
8.23,7.921,39.95,21,17036,2016
8.07,7.909,97.00,22,23429,2013
8.12,7.908,59.99,23,14830,2007
8.10,7.894,124.99,24,23306,2011
7.99,7.889,79.71,25,56651,2007
8.16,7.878,99.95,26,16223,2016
8.08,7.875,59.99,27,15618,2014
8.18,7.857,99.99,28,10873,2016
8.03,7.850,79.99,30,25195,2015
8.27,7.810,79.99,32,6971,2017
8.08,7.807,99.99,34,16409,2014
7.99,7.803,69.99,35,16842,2006
7.89,7.802,44.99,36,49624,2004
7.94,7.785,39.99,37,26641,2017
7.93,7.778,59.95,38,24217,2012
7.95,7.777,99.00,39,23897,2011
7.89,7.754,70.00,40,22935,2008
7.91,7.745,65.00,41,26436,2012
7.94,7.731,59.99,42,15207,2015
8.07,7.710,69.99,43,8695,2017
7.90,7.710,39.95,44,24174,2012
7.78,7.691,49.99,45,68267,2010
7.76,7.663,34.99,47,40333,2007
7.81,7.662,54.99,48,24531,2005
7.85,7.659,79.99,49,15576,2010
8.14,7.648,79.99,50,5680,2014
7.77,7.647,49.99,51,38217,2012
8.12,7.644,65.00,52,6699,2017
8.02,7.642,99.99,53,10262,2018
7.87,7.641,89.95,54,17179,2005
7.78,7.640,59.99,55,25404,2014
7.86,7.634,59.99,56,23366,2013
7.78,7.629,99.99,57,21103,1995
7.72,7.628,19.95,58,50174,2015
7.82,7.614,60.00,59,16622,2016
8.10,7.614,60.00,60,6575,2018
7.74,7.610,39.95,61,26934,2009
7.72,7.604,27.99,62,32953,2014
8.02,7.600,79.99,63,6636,2015
7.93,7.597,44.99,64,8488,2015
7.74,7.592,49.95,65,29631,2008
7.80,7.580,49.99,67,13330,1981
7.77,7.577,49.99,68,18738,2015
7.76,7.574,59.99,69,14959,2010
7.71,7.560,59.95,71,23001,1997
7.78,7.554,70.00,72,12442,2011
7.77,7.552,39.99,73,20658,2012
7.64,7.547,39.99,74,82354,2008
7.65,7.545,44.95,75,67710,2008
7.69,7.541,59.99,76,32436,2014
8.16,7.539,55.00,77,4708,2019
8.00,7.522,49.99,79,5999,2016
7.75,7.522,69.99,80,13033,2012
8.20,7.513,99.99,81,3949,2017
7.73,7.500,79.95,82,19163,2012
7.60,7.496,49.99,83,37865,2008
8.14,7.494,79.71,85,4500,2016
7.82,7.480,50.00,87,8311,2015
7.78,7.474,89.99,89,9455,2004
7.80,7.473,59.99,90,9123,2014
7.61,7.473,14.99,91,28018,2014
7.63,7.469,59.99,92,18653,2014
7.61,7.464,49.99,93,19635,2014
7.80,7.464,59.99,94,8557,2015
7.65,7.464,29.99,95,16973,2016
7.66,7.463,53.95,96,23775,2011
7.63,7.457,19.99,97,22269,2012
8.06,7.455,49.99,98,4921,2016
6.97,6.845,14.95,501,15865,2003
7.30,6.844,44.99,502,3794,2013
7.24,6.843,49.99,503,5437,2009
8.24,6.843,75.00,504,1280,2009
7.39,6.838,29.99,506,3563,2016
7.06,6.837,35.00,507,7797,2015
7.78,6.836,69.95,509,1973,2018
7.35,6.835,37.99,510,3157,2014
7.28,6.835,59.95,511,4342,2016
7.12,6.834,34.99,512,6315,2015
8.06,6.834,88.99,513,1421,2012
7.45,6.834,41.06,514,2735,2015
7.16,6.834,24.99,515,5854,2014
7.62,6.833,24.99,516,2203,2009
7.25,6.833,39.95,517,4892,2012
7.71,6.833,80.10,518,1954,2015
7.34,6.832,41.59,520,3262,2016
7.29,6.831,64.99,521,4917,2011
7.54,6.828,59.99,523,2357,2013
8.01,6.827,90.00,524,1549,2012
7.64,6.826,59.99,526,2283,2014
7.46,6.825,50.00,528,2787,2016
7.56,6.824,74.95,529,2368,2004
7.25,6.823,14.95,531,3823,2016
7.23,6.821,25.00,533,4942,2016
7.27,6.819,39.91,536,3798,2016
7.55,6.818,60.00,537,2491,2016
7.59,6.818,35.00,538,2211,2018
7.31,6.817,34.99,540,3627,1999
7.09,6.816,36.99,541,6971,2003
7.04,6.816,12.99,542,8007,2018
7.40,6.815,64.99,543,2765,2010
7.05,6.814,29.99,545,11117,1959
7.36,6.812,22.99,546,3346,2014
7.03,6.812,39.99,547,10448,2010
7.03,6.809,24.99,550,7677,2004
7.11,6.808,34.99,551,5303,2013
6.95,6.801,34.99,556,11879,2005
7.09,6.800,59.99,559,6780,2015
7.62,6.799,39.99,560,2143,2007
7.10,6.796,202.00,561,9629,1989
7.79,6.796,39.99,562,1668,2011
6.99,6.796,24.95,563,11164,2010
7.07,6.792,39.95,564,6252,2009
6.91,6.791,19.99,565,19822,2000
7.31,6.790,28.00,566,3141,2017
7.55,6.790,70.00,567,2116,2017
7.20,6.790,39.99,568,4013,2004
7.18,6.789,59.99,571,4181,2014
7.15,6.788,44.99,573,4700,2004
7.29,6.787,15.99,575,3470,2014
7.19,6.784,59.99,577,4070,2014
7.11,6.784,30.00,578,5362,2015
7.86,6.783,49.99,579,2183,2018
7.18,6.782,47.82,582,4301,2016
7.70,6.780,59.99,584,1839,2012
6.96,6.778,12.99,585,9775,2014
7.20,6.776,35.00,586,4410,2017
7.04,6.774,12.99,587,7050,1630
6.97,6.774,44.99,588,9613,2009
7.12,6.772,39.99,589,4606,2003
7.44,6.771,39.99,590,2528,2018
7.32,6.770,39.99,592,3158,2011
7.20,6.770,44.95,593,3698,2011
7.33,6.767,49.99,595,3020,2017
7.08,6.767,29.99,596,5179,2005
7.21,6.764,43.99,598,3619,2013
7.18,6.763,49.99,600,3815,2011
7.18,6.763,64.99,601,5268,2011
6.97,6.763,59.95,602,13010,2007
7.36,6.762,69.99,603,2733,2014
7.03,6.761,69.99,604,6189,2015
8.01,6.756,99.99,607,1599,2018
6.92,6.754,34.99,608,11091,1800
7.09,6.754,29.95,609,5428,2016
7.27,6.753,39.99,611,3187,2018
7.29,6.751,60.00,612,3035,2017
7.02,6.751,15.00,613,6452,2015
7.54,6.749,59.99,615,2060,2015
7.00,6.749,49.99,616,7193,1999
7.84,6.749,64.99,617,1482,2017
7.11,6.748,13.49,618,4561,2016
7.31,6.747,29.99,619,2813,2014
7.97,6.745,64.95,620,1589,2018
6.89,6.744,39.99,623,10844,2008
7.79,6.743,50.00,624,1577,2010
7.04,6.742,29.99,625,5950,2015
7.31,6.740,29.99,626,2970,2011
6.97,6.737,34.99,628,7654,2015
7.01,6.736,32.99,629,6150,2003
7.46,6.736,99.99,630,2655,2016
6.89,6.736,39.99,631,11912,2013
6.99,6.734,59.99,632,7444,1991
6.82,6.732,17.99,635,34982,2010
7.91,6.725,49.99,642,1348,2018
7.34,6.725,19.99,643,2737,2015
7.20,6.722,79.95,644,3306,2012
7.53,6.718,59.99,645,1962,2014
7.45,6.716,39.95,647,2225,1996
7.12,6.716,37.08,648,3860,2016
6.99,6.715,54.99,649,5542,2008
7.36,6.714,19.99,651,2550,2014
6.83,6.714,25.99,653,14567,2005
7.61,6.713,99.99,654,2024,2015
7.40,6.713,49.99,655,2195,2016
7.73,6.711,60.00,656,1547,2001
6.85,6.710,44.99,657,12913,2007
7.16,6.710,24.99,658,3647,2017
7.13,6.709,59.95,659,3835,2012
7.23,6.706,99.95,662,3622,2007
7.09,6.705,49.95,663,4293,2012
6.97,6.705,13.99,664,6275,2011
7.03,6.703,46.59,665,5676,1850
7.42,6.703,49.95,666,2449,2017
6.95,6.702,14.99,667,6516,2010
8.00,6.701,99.99,668,1350,2014
6.98,6.700,64.99,669,7768,2010
7.32,6.696,51.99,671,2618,2010
7.39,6.694,42.99,673,2506,2014
6.84,6.694,39.99,674,10780,1980
7.27,6.694,59.95,675,2636,2015
7.40,6.692,49.99,676,2674,2017
7.41,6.691,39.44,677,2042,2003
7.01,6.690,44.99,678,5039,2005
7.27,6.685,42.99,680,2674,2009
7.10,6.679,19.99,683,3543,2014
7.56,6.678,54.97,684,1843,2017
7.21,6.677,59.99,685,3004,2014
7.40,6.672,119.99,687,2959,2017
7.04,6.670,69.99,688,4214,2014
7.25,6.667,40.00,690,2580,2016
6.89,6.665,11.99,691,6848,2012
7.45,6.665,59.99,693,1791,2015
6.90,6.660,59.99,698,6643,2013
6.81,6.660,34.99,699,20399,2012
7.01,6.660,24.99,700,4799,2010
7.26,6.658,49.99,701,2407,2016
7.03,6.658,39.99,702,4423,2015
7.37,6.658,69.99,703,2032,2012
6.90,6.655,14.99,706,6749,1984
7.12,6.653,31.43,708,3083,2016
7.24,6.652,57.28,709,2487,2011
7.50,6.652,89.99,710,1737,2013
6.95,6.651,19.99,711,4971,2007
7.05,6.645,44.99,716,3614,2008
7.01,6.644,49.00,717,4093,2003
7.07,6.643,54.99,719,3473,2011
6.99,6.642,24.99,720,4275,2014
6.97,6.641,29.99,721,4646,2015
7.02,6.639,29.99,723,3847,2013
6.73,6.639,11.99,724,17475,2003
8.21,6.638,75.00,726,1061,2018
7.33,6.636,39.99,728,2050,2014
7.11,6.636,29.99,729,3049,2011
7.97,6.635,79.99,730,1148,2016
7.41,6.634,49.99,731,1968,2014
7.36,6.633,49.99,732,2149,2014
6.98,6.632,33.16,734,4010,2014
6.92,6.629,54.99,738,5003,2013
7.12,6.628,29.99,742,3028,2015
7.80,6.624,55.00,747,1441,2017
6.95,6.623,49.99,748,4404,1997
7.04,6.623,13.99,749,3417,2014
7.22,6.622,49.95,750,2319,2016
6.89,6.620,49.99,752,7451,2005
7.04,6.620,25.00,753,3360,2016
6.88,6.620,44.99,755,5564,2009
7.55,6.617,50.00,758,1665,2017
7.19,6.616,59.99,759,2526,2008
7.20,6.616,49.99,760,2523,2017
8.51,6.615,69.99,761,796,2019
7.93,6.613,14.95,765,1036,2017
6.96,6.612,24.99,766,4034,2012
6.98,6.612,18.19,767,3868,2017
7.36,6.609,19.99,769,1902,2018
7.68,6.609,79.99,770,1567,2017
7.75,6.608,49.99,771,1242,2017
7.12,6.608,54.99,774,2807,2010
7.54,6.606,60.16,776,1514,2017
7.04,6.603,24.99,778,3461,2013
6.89,6.602,39.99,781,4775,2004
7.36,6.602,44.99,782,2214,2017
6.88,6.601,29.99,786,5340,2013
6.85,6.601,25.00,787,5911,2005
7.10,6.600,99.99,788,3160,2011
7.21,6.597,20.06,790,2429,2015
6.95,6.597,39.99,791,3899,2005
7.57,6.597,24.99,792,1429,2018
6.83,6.597,29.99,793,7307,2005
7.54,6.596,69.99,794,1684,2014
6.92,6.594,35.99,799,4214,2014
6.87,6.594,29.99,800,5382,2016
7.78,6.591,62.98,802,1201,2010
7.19,6.591,39.99,803,2402,2016
6.91,6.590,34.99,804,4462,2014
7.28,6.589,44.99,805,2406,2018
6.97,6.589,29.99,806,3620,2012
7.07,6.589,35.95,807,3047,2013
7.58,6.587,74.99,809,1428,2012
7.13,6.584,34.99,814,2604,2013
6.74,6.583,24.99,815,12090,1996
7.42,6.583,59.99,816,1674,2015
7.04,6.581,24.99,818,2937,2015
6.97,6.580,21.97,820,3894,2016
6.90,6.580,59.99,821,4513,2015
6.93,6.578,44.99,822,3928,2006
7.41,6.578,80.00,823,1849,2016
6.75,6.574,19.99,827,7967,2004
6.97,6.573,59.95,828,4190,2008
7.21,6.573,39.99,829,2153,2016
6.79,6.571,12.99,831,8466,2001
7.63,6.569,19.99,832,1366,2016
7.46,6.569,74.99,833,1701,2015
6.81,6.566,49.95,836,5971,2006
6.68,6.565,29.99,837,19771,2004
6.66,6.564,29.99,839,20941,2012
7.74,6.562,39.95,841,1150,2017
7.26,6.561,14.99,842,2002,2013
6.76,6.558,39.99,843,6844,2013
7.04,6.554,24.99,849,2888,2015
8.28,6.553,249.95,851,828,2015
6.88,6.553,49.99,852,4283,2001
6.81,6.553,39.99,853,5260,2010
7.90,6.552,73.80,855,1035,2016
7.36,6.552,39.52,856,1616,2015
6.85,6.551,14.99,857,4577,2005
6.99,6.549,39.99,858,2986,2014
7.20,6.546,59.95,859,2015,2017
6.86,6.544,34.95,861,4770,1991
7.64,6.543,39.99,862,1853,2017
6.73,6.535,44.99,865,7371,1998
7.20,6.535,29.99,866,2039,2015
6.86,6.531,34.95,867,4512,2004
7.27,6.530,59.95,868,1898,2016
6.67,6.528,34.99,870,12594,2009
7.03,6.528,46.47,871,2769,2015
7.60,6.527,69.99,872,1393,2015
7.17,6.525,44.99,877,2204,2015
7.13,6.523,60.00,878,2096,2013
6.97,6.521,44.99,879,2780,2007
7.42,6.520,59.99,880,1461,2010
7.63,6.520,79.99,881,1137,2012
6.92,6.519,59.95,882,3756,1977
6.85,6.519,36.99,883,4069,2001
6.88,6.517,69.99,887,4871,2004
7.04,6.517,70.00,889,2371,2010
7.25,6.515,19.95,893,1759,2017
6.78,6.514,19.99,894,5107,2008
7.24,6.513,59.99,896,1763,2015
6.72,6.512,39.99,897,6658,2003
7.18,6.512,49.99,898,1920,2014
6.92,6.510,39.99,899,2961,2012
7.19,6.509,59.99,900,1818,2014
7.15,6.509,24.99,901,2125,2017
8.01,6.509,36.00,902,915,2007
7.20,6.506,23.99,908,1850,2017
6.86,6.505,29.99,910,3883,2009
7.13,6.503,39.99,911,2515,2018
6.69,6.502,31.99,912,7085,2000
7.27,6.500,29.99,913,1694,2017
7.05,6.499,21.88,916,2255,2017
6.60,6.497,14.99,919,20983,2004
7.17,6.497,19.99,920,1936,2016
6.71,6.496,14.99,922,6463,2010
6.85,6.496,74.99,923,3642,1987
7.58,6.495,69.99,925,1146,2018
6.70,6.494,16.99,926,8007,1810
6.72,6.493,12.00,929,5641,2015
6.94,6.492,28.00,930,2869,2013
7.06,6.491,59.95,931,3261,2017
6.84,6.490,39.99,933,3745,2015
6.87,6.488,59.95,936,3666,2006
7.14,6.485,14.99,938,1850,2017
6.92,6.484,24.99,939,2965,2013
8.13,6.483,19.80,940,808,2018
7.17,6.481,29.95,943,1779,1995
7.00,6.481,14.99,944,2572,2012
6.66,6.480,12.99,945,9128,2009
7.68,6.479,59.95,948,1041,2018
6.93,6.479,40.00,950,2872,2010
7.36,6.478,19.99,951,1399,2015
6.73,6.476,17.99,955,5401,2010
6.66,6.474,29.49,959,7257,2001
7.34,6.472,69.99,961,1404,2010
6.83,6.471,49.99,962,3328,2006
7.29,6.470,59.99,965,1465,2014
7.26,6.470,49.99,966,1737,2014
6.82,6.469,29.99,967,3958,2011
6.66,6.469,24.99,968,7884,2013
7.33,6.469,43.54,969,1403,2015
6.85,6.468,39.95,971,3238,2012
7.27,6.467,79.99,972,1888,2018
6.71,6.467,27.99,973,5267,2004
6.81,6.467,24.99,976,3670,2003
7.46,6.465,102.99,978,1371,2014
6.66,6.465,39.99,979,6892,2003
6.84,6.465,44.99,981,3246,2011
7.31,6.464,55.00,982,1442,2017
7.13,6.464,19.99,985,1879,2018
6.82,6.464,19.99,986,3705,2016
7.30,6.462,24.94,988,1825,2018
6.97,6.462,49.99,989,2911,2002
6.93,6.460,29.99,990,2694,2006
7.08,6.459,29.99,993,2057,2014
7.55,6.458,39.95,995,1180,2017
6.86,6.456,29.99,997,2886,2006
7.07,6.455,55.00,999,1941,2009
7.49,6.454,59.95,1000,1280,2017
6.89,6.454,14.99,1001,2906,2016
7.37,6.454,39.99,1002,1465,2014
7.35,6.452,22.99,1006,1362,2015
6.88,6.452,59.95,1008,2743,2009
6.94,6.451,39.95,1010,2816,2008
7.11,6.448,59.99,1012,1878,2017
6.87,6.446,44.99,1015,2778,2009
7.50,6.446,69.99,1016,1108,2017
6.78,6.443,14.99,1018,3624,2011
7.62,6.442,79.98,1021,1043,2018
7.49,6.441,80.00,1024,1213,2018
6.81,6.438,39.99,1028,3314,2008
6.72,6.437,39.99,1029,4310,1994
6.92,6.437,12.00,1030,2517,2016
7.11,6.437,49.99,1031,1888,2015
6.81,6.436,49.99,1033,3308,1994
7.18,6.435,14.95,1034,1520,2017
7.63,6.434,59.99,1035,1046,2010
7.48,6.432,89.99,1037,1422,2009
7.54,6.432,149.00,1038,1255,1985
6.82,6.431,14.99,1039,3240,2012
7.55,6.430,59.99,1041,1023,2018
7.13,6.430,49.99,1044,1692,2017
7.13,6.429,14.95,1045,1613,2017
6.86,6.425,79.99,1047,3134,2012
6.93,6.424,42.00,1048,2694,1982
6.61,6.424,24.99,1051,6567,2012
7.15,6.424,64.99,1053,1917,2017
6.54,6.423,14.99,1054,17662,1998
7.61,6.420,59.95,1058,959,2017
7.05,6.419,39.99,1059,1842,2005
6.72,6.419,39.99,1061,5010,1978
6.94,6.418,39.99,1063,2277,2016
7.54,6.416,41.22,1068,1730,2013
6.84,6.416,49.99,1069,2757,2013
6.68,6.416,34.99,1070,5290,1997
7.17,6.416,24.99,1071,1599,2017
7.82,6.416,99.99,1072,906,2017
7.16,6.413,34.99,1074,1632,2013
6.85,6.413,39.99,1075,2682,2003
6.73,6.410,29.99,1078,3697,2014
6.90,6.410,39.99,1079,2270,2006
6.64,6.410,29.99,1080,6102,2014
6.74,6.408,39.99,1084,3861,2009
6.86,6.407,24.99,1086,2539,2014
6.81,6.406,19.95,1087,2791,1992
7.84,6.405,56.12,1089,793,2018
7.22,6.401,39.99,1096,1469,2013
7.55,6.400,34.95,1098,1036,2018
6.94,6.399,19.99,1102,2115,2013
6.98,6.398,49.99,1103,1998,2011
6.87,6.397,35.99,1107,2439,2012
6.96,6.397,54.99,1108,2071,2014
6.92,6.397,37.99,1110,2509,2008
7.26,6.396,59.99,1111,1376,2016
6.61,6.393,11.99,1112,5950,2004
7.21,6.393,49.79,1114,1695,2017
6.85,6.390,19.99,1117,2515,2014
6.95,6.390,34.95,1118,2287,2017
6.58,6.390,64.99,1119,7609,2002
7.35,6.389,59.99,1120,1176,2013
7.48,6.389,49.99,1121,1120,2013
6.52,6.389,19.99,1122,23168,2002
6.80,6.389,19.99,1124,2978,2013
7.62,6.388,34.99,1125,918,2015
7.19,6.388,39.99,1126,1681,2013
6.69,6.387,44.99,1127,6305,2001
7.22,6.385,64.99,1129,1326,2010
6.95,6.385,70.78,1130,1924,2003
6.51,6.383,39.99,1133,12296,1983
7.20,6.382,39.95,1134,1424,2016
7.45,6.381,69.99,1136,1050,2018
8.40,6.381,70.00,1138,622,2014
7.37,6.380,15.99,1139,1139,2015
6.55,6.379,17.99,1142,7747,2005
7.76,6.378,59.99,1144,914,2014
7.89,6.378,79.99,1145,839,2018
7.09,6.377,44.95,1148,1576,2017
7.00,6.375,47.94,1152,1704,2010
6.76,6.372,19.95,1155,2875,1995
7.61,6.370,59.99,1156,891,2017
6.99,6.370,17.99,1157,1883,2015
6.70,6.370,44.99,1158,5575,2004
7.00,6.370,39.99,1159,1744,2013
6.69,6.369,24.99,1160,3552,2000
7.59,6.369,20.00,1162,1021,2018
7.84,6.369,49.99,1163,757,2014
7.60,6.367,79.95,1167,1078,2016
6.55,6.367,59.99,1168,7303,1995
6.75,6.367,14.99,1169,2986,2011
7.15,6.367,25.00,1170,1396,2017
6.80,6.366,24.99,1171,2706,1993
6.53,6.364,12.09,1173,10240,-3000
6.54,6.363,14.99,1177,9717,1997
7.96,6.362,80.00,1178,731,2009
7.07,6.362,42.00,1179,1671,1990
7.04,6.361,49.95,1180,1600,1996
6.92,6.360,29.99,1181,1915,2009
6.89,6.359,39.99,1183,1989,2008
6.87,6.355,14.99,1189,2189,2016
6.97,6.351,14.99,1192,1726,2017
6.64,6.350,29.99,1194,3963,1973
7.19,6.350,39.99,1195,1273,2014
6.51,6.347,49.99,1199,7303,2004
6.84,6.347,59.99,1200,2209,2015
6.77,6.345,14.99,1203,2621,2013
7.15,6.343,10.99,1207,1429,2015
7.48,6.342,29.99,1209,907,2008
6.94,6.340,39.99,1211,1717,2010
7.68,6.339,202.00,1212,945,1962
7.31,6.339,32.99,1214,1081,2018
6.99,6.338,202.00,1215,1583,2008
7.22,6.338,19.99,1217,1252,2014
6.56,6.336,14.99,1222,6156,1995
6.82,6.335,39.99,1223,2364,2016
7.20,6.334,47.99,1225,1207,2015
6.97,6.333,34.99,1227,2025,2016
7.13,6.333,39.99,1229,1291,2013
6.82,6.332,29.95,1230,2174,2017
7.48,6.330,44.99,1234,967,2010
7.61,6.330,89.99,1235,978,2016
7.05,6.328,99.95,1237,1525,2010
7.64,6.327,49.99,1240,866,2012
7.02,6.326,65.00,1242,1495,2012
6.64,6.326,89.95,1243,4975,2005
6.80,6.326,34.99,1244,2264,2013
8.56,6.325,39.95,1246,548,2018
6.98,6.325,34.99,1247,1547,2016
6.84,6.325,59.95,1248,2635,2013
6.73,6.324,25.00,1249,3010,2016
7.16,6.323,39.99,1253,1398,2016
7.23,6.323,60.00,1256,1162,2016
7.60,6.322,39.99,1258,873,2014
6.95,6.322,48.99,1259,1650,2011
7.59,6.321,100.00,1260,933,2015
7.38,6.321,59.99,1261,1036,2018
7.87,6.320,39.99,1262,702,2018
6.58,6.320,39.99,1263,4819,2012
6.99,6.320,21.00,1264,1541,2015
6.57,6.319,37.99,1265,6126,2007
6.80,6.318,19.99,1268,2398,2015
6.77,6.317,19.99,1271,2277,2013
7.10,6.317,59.99,1272,1275,1992
6.92,6.316,39.99,1275,1730,2006
7.13,6.314,24.95,1278,1258,2015
7.54,6.314,24.99,1280,891,2016
6.57,6.313,34.95,1284,4532,2007
6.66,6.312,49.00,1286,3100,2005
7.53,6.311,60.00,1287,827,2018
6.78,6.309,12.95,1289,2312,2016
6.85,6.308,59.99,1291,1903,2011
6.83,6.307,55.00,1292,2030,2010
6.54,6.307,87.99,1293,11437,2007
6.48,6.306,12.99,1294,9393,1988
7.12,6.306,39.99,1297,1331,2016
6.94,6.305,19.99,1299,1587,2010
6.78,6.304,34.95,1302,2086,2008
7.03,6.304,24.99,1303,1634,2017
6.93,6.304,79.99,1304,1711,2014
6.77,6.304,42.99,1305,2191,2003
6.96,6.303,39.99,1306,1529,2015
6.82,6.303,69.99,1307,1900,2000
6.99,6.303,19.99,1308,1457,2003
6.70,6.303,29.99,1309,2629,2007
7.21,6.302,37.99,1311,1309,2011
6.93,6.302,24.99,1313,1666,2012
7.15,6.301,34.95,1314,1301,2005
7.87,6.301,55.00,1316,689,2010
7.59,6.301,85.00,1317,821,2011
6.54,6.301,39.99,1318,4590,2008
6.73,6.300,34.95,1319,2640,2009
7.19,6.299,49.00,1321,1120,2017
7.72,6.298,99.99,1322,742,2011
7.80,6.298,28.95,1323,729,2014
6.70,6.297,19.99,1329,2639,2014
7.38,6.296,20.99,1331,983,2017
6.73,6.295,49.99,1332,2646,2012
6.89,6.293,59.99,1333,1610,2010
6.63,6.293,59.99,1334,3026,2012
6.75,6.293,62.99,1335,2106,2010
6.57,6.292,19.95,1337,3945,2015
6.61,6.291,11.95,1338,3198,1999
6.96,6.291,69.99,1339,1495,2012
6.78,6.290,49.99,1341,1985,2012
7.03,6.288,24.99,1345,1375,2015
6.75,6.287,19.99,1346,2276,2010
6.58,6.286,12.99,1349,4097,1986
6.80,6.284,25.12,1355,2035,2016
6.70,6.284,19.99,1358,2784,2012
7.44,6.283,44.99,1359,868,1992
6.73,6.283,49.95,1361,2277,2010
6.64,6.280,34.99,1364,2587,2009
6.67,6.279,29.99,1365,2477,2009
6.70,6.278,21.99,1366,2349,2015
6.80,6.278,39.99,1367,1877,2012
6.65,6.278,44.99,1368,2813,2005
7.53,6.275,102.99,1371,874,2013
6.92,6.273,24.99,1375,1563,2015
6.63,6.272,29.99,1378,2842,2015
6.97,6.272,14.95,1381,1345,2017
6.60,6.270,35.99,1383,2859,2009
7.81,6.270,39.95,1384,757,2018
6.91,6.270,62.99,1385,1519,2010
7.16,6.268,40.00,1390,1083,2017
6.57,6.267,34.95,1391,3391,2012
7.06,6.267,49.99,1392,1220,2017
7.23,6.266,39.95,1394,1000,2016
6.92,6.266,49.99,1395,1519,2010
6.72,6.265,34.99,1397,2114,2004
6.76,6.264,69.99,1399,1880,2011
6.85,6.262,29.99,1401,1667,2013
6.57,6.261,29.99,1403,4661,2012
6.64,6.261,59.95,1405,2990,2010
6.81,6.260,54.99,1406,1706,2007
6.62,6.260,25.99,1407,2680,1994
7.38,6.260,54.99,1408,866,2016
7.42,6.260,87.72,1409,827,2009
6.91,6.259,29.99,1412,1442,2008
6.69,6.257,59.95,1418,2498,1985
6.89,6.256,79.99,1419,1658,2018
6.78,6.255,15.99,1420,1993,1848
6.90,6.255,19.99,1421,1572,2015
6.92,6.255,35.00,1422,1964,2009
6.66,6.254,9.99,1423,2376,2014
7.33,6.249,85.00,1428,896,2004
7.31,6.249,29.99,1429,924,2015
7.20,6.247,24.99,1432,1198,2014
6.53,6.247,35.00,1433,3572,2010
6.72,6.247,49.99,1435,2002,2009
7.05,6.247,54.95,1436,1176,2013
7.28,6.245,22.00,1440,906,2013
6.79,6.243,49.95,1442,1813,2011
7.66,6.243,47.53,1444,809,2018
7.49,6.242,29.99,1449,780,2013
7.08,6.238,60.00,1456,1210,2018
6.80,6.237,49.99,1457,1607,2007
6.62,6.236,24.99,1460,2450,1983
6.68,6.235,79.95,1463,2360,2009
6.83,6.235,45.00,1464,1657,2017
6.82,6.235,11.99,1465,1609,2009
6.81,6.234,50.00,1466,1562,2005
7.56,6.233,150.00,1468,947,2016
6.64,6.233,34.95,1470,2217,2005
6.39,6.232,16.99,1471,7439,1903
6.52,6.232,34.95,1472,4606,1987
6.79,6.231,24.99,1473,1577,2007
6.88,6.230,49.99,1475,1684,2009
6.78,6.229,59.99,1478,1779,2014
6.44,6.228,32.99,1480,5496,1987
6.52,6.228,10.31,1481,3375,2013
6.74,6.227,49.99,1483,1780,1985
6.39,6.226,31.99,1484,8595,1986
6.91,6.226,29.99,1485,1345,2013
6.82,6.226,64.99,1486,1515,2014
6.89,6.223,49.95,1495,1575,1983
7.65,6.222,65.00,1497,649,2011
6.92,6.221,39.99,1499,1294,2010
6.79,6.220,39.99,1504,1530,2011
7.20,6.220,59.95,1505,944,1991
6.47,6.219,24.99,1506,3783,2001
6.83,6.218,32.99,1507,1505,2005
7.26,6.218,49.99,1508,877,2017
7.01,6.217,50.00,1509,1238,2014
6.60,6.217,44.99,1511,2504,1997
6.93,6.215,59.99,1513,1228,2013
6.64,6.214,17.00,1516,2541,1977
7.12,6.212,54.99,1518,980,2010
7.30,6.210,34.99,1522,818,2016
7.87,6.210,49.99,1524,578,2012
7.16,6.210,26.38,1526,942,2016
6.77,6.208,17.99,1530,1551,1998
8.10,6.207,59.99,1531,486,2018
6.87,6.206,59.95,1535,1309,2010
8.08,6.205,39.99,1536,526,2019
6.62,6.205,35.00,1537,2089,2002
7.10,6.205,45.00,1538,991,1991
7.37,6.203,39.99,1542,790,2009
7.92,6.203,75.00,1543,541,2017
6.36,6.203,24.99,1544,11858,2005
6.74,6.201,29.99,1545,1631,2014
6.55,6.201,17.14,1547,3623,2015
7.49,6.200,47.99,1551,697,2018
6.88,6.200,59.99,1554,1253,2010
7.08,6.199,13.40,1557,1009,2015
6.79,6.199,29.99,1559,1577,2016
7.37,6.198,39.99,1560,819,2012
6.91,6.198,34.99,1561,1250,2013
6.54,6.196,22.95,1566,2540,2004
6.90,6.195,57.00,1569,1257,2007
7.65,6.194,34.95,1571,625,2017
6.42,6.194,12.95,1573,5110,2014
8.31,6.194,75.00,1574,466,2015
6.38,6.194,39.99,1575,5209,1997
6.45,6.193,16.99,1577,3606,2005
6.65,6.192,59.99,1581,1961,2013
7.42,6.192,59.99,1582,767,2017
6.86,6.191,19.95,1583,1307,2016
6.88,6.190,49.99,1584,1254,2014
7.33,6.190,39.99,1585,848,2012
7.26,6.189,49.95,1586,945,2018
7.55,6.188,29.99,1587,790,2015
6.88,6.188,59.95,1588,1287,2016
6.90,6.188,11.99,1589,1222,2014
6.67,6.187,30.00,1591,2000,2012
6.33,6.187,17.99,1592,10311,1977
6.71,6.185,29.99,1596,1619,2011
7.03,6.185,69.99,1597,1034,2012
6.43,6.185,24.99,1598,4703,1984
6.60,6.184,49.00,1600,2198,2002
7.06,6.183,29.99,1603,1018,2009
6.80,6.182,14.99,1605,1736,2015
6.58,6.182,29.99,1606,2411,2010
6.49,6.179,12.08,1613,2778,2010
6.28,6.177,16.99,1617,22847,1948
6.88,6.176,14.99,1618,1495,2004
6.76,6.176,19.99,1619,1515,2012
7.06,6.175,59.95,1620,975,2018
7.11,6.175,20.00,1621,1057,2018
6.35,6.174,14.99,1623,6793,2006
6.75,6.173,49.99,1625,1461,2013
7.19,6.173,36.53,1626,951,2017
6.51,6.173,39.99,1627,2996,1978
7.24,6.170,28.69,1630,875,2014
6.62,6.170,15.99,1632,2124,2010
6.53,6.170,39.99,1633,2336,2006
6.98,6.169,24.99,1636,1161,2017
6.48,6.168,39.99,1639,2932,2000
7.06,6.168,42.99,1640,947,2013
6.41,6.167,29.77,1641,3484,2008
8.38,6.164,79.95,1649,379,2018
6.61,6.164,19.99,1650,2053,1990
6.66,6.163,9.95,1652,1688,2007
6.67,6.162,24.95,1654,1598,2016
6.49,6.159,49.95,1666,2481,2006
7.23,6.158,16.99,1667,818,1810
7.09,6.157,29.95,1669,950,2017
6.89,6.156,19.99,1672,1092,2017
6.79,6.156,24.99,1673,1383,2015
7.49,6.156,99.99,1674,657,2015
7.36,6.155,79.99,1675,774,2012
6.79,6.155,28.00,1677,1395,2002
6.72,6.154,39.99,1678,1495,2000
6.49,6.154,49.99,1679,2594,2011
6.89,6.154,29.99,1682,1157,2017
6.95,6.153,29.95,1683,1020,2018
8.10,6.152,89.95,1685,558,2018
8.05,6.152,77.00,1686,557,2018
6.86,6.151,41.12,1687,1390,2014
7.08,6.151,49.99,1688,897,2012
8.00,6.151,50.00,1689,446,2012
6.74,6.149,29.99,1692,1598,2016
7.67,6.148,59.95,1697,544,2016
6.83,6.148,59.95,1699,1167,2005
6.60,6.106,11.99,1806,1870,1960
6.72,6.105,56.94,1808,1266,2015
6.69,6.104,25.47,1809,1269,2014
6.51,6.104,29.99,1810,1905,2015
6.47,6.104,24.99,1811,2156,1999
7.41,6.103,39.99,1812,630,2012
6.55,6.103,21.99,1813,1796,2006
6.50,6.101,24.99,1819,2058,2005
6.76,6.101,44.99,1821,1171,2012
6.54,6.101,25.00,1822,1736,2000
6.39,6.100,39.99,1824,2549,2007
6.68,6.099,159.99,1830,2428,2017
6.38,6.098,15.99,1831,4363,2011
6.22,6.098,13.99,1833,14316,2010
7.33,6.096,59.99,1835,758,2017
6.62,6.096,54.95,1836,1375,2008
7.25,6.096,39.99,1837,654,2017
6.61,6.095,49.99,1840,1466,1999
6.48,6.095,79.99,1842,2461,2016
8.51,6.094,47.31,1845,394,2017
6.59,6.093,14.99,1847,1543,2012
6.48,6.092,29.95,1852,2047,2008
6.40,6.092,19.99,1853,2714,2005
7.07,6.092,59.99,1856,768,2015
6.53,6.091,27.99,1859,1682,2006
6.48,6.089,35.99,1861,1820,2012
6.56,6.088,49.00,1866,1609,2012
6.46,6.087,22.99,1867,1933,2002
7.58,6.087,116.99,1869,511,2016
6.61,6.085,35.00,1873,1397,2007
6.52,6.085,44.99,1874,2364,1999
7.22,6.085,36.60,1875,680,2017
7.06,6.084,59.99,1877,776,1985
6.44,6.084,29.99,1878,2223,2003
7.23,6.084,24.99,1879,711,2017
6.40,6.084,39.99,1881,2347,2007
7.69,6.083,53.10,1884,498,2016
6.90,6.082,20.83,1887,944,2015
6.64,6.082,37.99,1888,1538,2014
6.51,6.082,34.99,1891,1707,2009
6.84,6.081,24.95,1893,978,2017
6.27,6.079,7.99,1899,7009,2008
6.83,6.078,17.99,1901,970,2015
7.42,6.076,48.00,1906,553,2017
7.53,6.073,15.99,1914,513,2015
7.02,6.071,34.99,1918,837,2016
6.59,6.071,29.99,1919,1428,2011
6.56,6.069,19.99,1928,1516,2011
6.68,6.069,39.99,1930,1170,2012
6.96,6.068,29.99,1932,823,2013
6.80,6.067,39.99,1936,985,2011
6.62,6.066,21.99,1937,1280,2016
6.90,6.066,59.99,1938,860,2011
6.46,6.066,10.99,1940,1800,2011
7.31,6.065,44.99,1941,628,2018
6.54,6.065,29.99,1943,1518,2005
6.46,6.065,27.99,1945,1851,2003
7.29,6.065,14.99,1946,575,2018
6.60,6.064,21.99,1948,1368,2000
6.88,6.064,19.99,1949,857,2004
7.06,6.064,19.95,1950,720,2016
7.68,6.062,39.99,1953,464,2015
6.43,6.062,20.99,1954,2025,2003
7.34,6.061,49.99,1956,541,2016
6.51,6.061,39.99,1957,1581,1967
6.77,6.060,15.00,1960,1026,2016
6.37,6.060,20.00,1961,2375,1994
6.95,6.059,14.95,1964,896,2005
7.23,6.057,49.99,1971,569,2009
6.36,6.056,9.99,1973,2649,2005
6.61,6.056,13.99,1975,1304,2012
7.39,6.055,29.99,1977,571,2018
6.44,6.054,9.99,1981,2313,2005
6.47,6.052,34.95,1986,1720,2003
6.64,6.052,19.99,1987,1286,2013
6.71,6.051,54.99,1988,1059,2009
7.68,6.050,12.99,1990,608,2016
6.58,6.050,25.00,1991,1327,2009
6.36,6.050,19.95,1992,2458,2002
6.88,6.050,49.95,1993,820,2015
6.99,6.050,74.99,1996,739,2013
7.42,6.050,34.99,1997,572,2017
6.53,6.050,69.99,1998,1567,1986
6.64,6.023,59.99,2102,1146,2014
6.81,6.022,7.99,2103,863,1864
6.39,6.022,29.99,2104,2137,2007
7.25,6.022,17.95,2105,590,2017
6.45,6.021,24.99,2109,1695,2006
6.38,6.021,39.99,2110,2423,2015
6.36,6.020,29.99,2111,2116,2011
6.43,6.020,39.99,2112,1680,2006
7.20,6.019,20.00,2119,583,2018
6.41,6.019,34.95,2120,1729,2011
6.21,6.019,20.00,2122,5019,2000
7.09,6.019,24.99,2124,665,2017
7.24,6.016,39.99,2131,598,2015
6.76,6.016,24.99,2132,992,2018
6.89,6.016,39.99,2134,761,2018
6.77,6.015,34.99,2137,1245,2002
7.85,6.015,81.90,2139,457,2018
7.97,6.014,59.95,2141,348,2017
6.80,6.014,21.99,2143,812,2016
7.63,6.014,56.49,2145,412,2018
6.61,6.013,67.95,2147,1111,2009
6.55,6.013,29.99,2149,1650,2010
6.84,6.012,59.99,2153,800,2012
6.77,6.011,18.00,2154,876,2015
8.25,6.010,80.00,2156,316,2016
6.39,6.010,9.99,2159,1782,2014
6.42,6.009,29.99,2160,1572,2006
6.75,6.009,14.99,2161,880,2017
6.66,6.008,50.00,2165,981,2012
8.33,6.008,149.99,2166,390,2018
8.03,6.008,89.99,2167,346,2013
6.50,6.007,49.99,2168,1414,2011
7.29,6.007,31.98,2171,530,2017
6.77,6.005,20.00,2175,881,2012
7.07,6.005,29.99,2178,602,2017
6.94,6.004,49.99,2183,700,2016
7.01,6.004,24.99,2184,712,2007
6.15,6.004,19.99,2186,6783,2013
6.73,6.003,37.99,2190,863,2010
6.60,6.000,24.99,2193,1067,2009
7.09,5.999,29.99,2196,647,2013
6.37,5.998,19.99,2202,2028,1981
7.31,5.998,23.99,2203,517,2018
7.17,5.997,62.79,2204,535,2016
6.16,5.997,40.00,2205,5991,1996
6.87,5.996,39.99,2206,783,2016
7.06,5.996,29.99,2207,621,2013
6.72,5.996,29.95,2210,969,2015
6.16,5.995,29.99,2211,7184,1988
6.47,5.995,49.00,2212,1338,1996
7.10,5.992,24.99,2221,581,2018
6.76,5.992,50.00,2224,799,2015
6.75,5.992,17.99,2225,796,2014
6.68,5.991,34.99,2231,881,2012
6.51,5.990,59.99,2232,1206,2013
7.15,5.990,49.95,2233,532,2004
7.25,5.990,98.99,2235,639,2013
6.29,5.990,31.99,2237,2201,1991
6.65,5.989,59.99,2238,950,2013
6.82,5.989,65.00,2239,765,2015
6.17,5.989,25.00,2241,3719,2008
6.70,5.988,24.99,2243,944,2015
6.85,5.988,40.00,2244,862,2016
6.83,5.987,70.00,2250,708,2012
6.34,5.987,28.00,2251,2163,1994
6.59,5.987,39.95,2252,992,2007
6.93,5.986,49.99,2255,660,2017
6.46,5.985,14.99,2260,1478,2005
6.61,5.985,49.95,2261,963,2012
6.44,5.985,24.99,2262,1442,2016
6.45,5.985,39.99,2263,1370,2009
6.46,5.984,59.95,2264,1381,2007
6.76,5.984,34.99,2267,810,2012
7.50,5.984,45.00,2268,412,2015
7.80,5.984,55.00,2270,350,2000
6.82,5.983,28.00,2275,757,2016
6.24,5.982,24.99,2279,4525,2007
6.85,5.981,34.99,2280,715,2015
6.42,5.981,39.99,2281,1832,2004
6.84,5.980,79.95,2282,765,2012
7.41,5.980,14.95,2286,412,2018
7.98,5.980,69.00,2288,325,2015
6.52,5.979,49.99,2290,1120,2014
6.45,5.978,49.00,2294,1304,2004
6.73,5.976,24.99,2299,769,2011
6.27,5.914,49.99,2601,2293,2004
7.12,5.914,49.99,2603,430,2015
7.47,5.913,14.99,2605,369,2018
6.87,5.913,39.95,2607,548,2017
6.57,5.912,39.99,2611,744,2013
7.00,5.910,13.30,2617,457,2018
6.65,5.910,8.95,2619,769,1996
6.79,5.909,44.99,2621,635,2011
6.90,5.909,19.95,2623,504,2017
6.48,5.909,24.99,2624,957,2002
7.25,5.909,59.99,2625,384,2016
6.53,5.909,49.99,2626,816,2012
6.18,5.906,34.95,2630,2500,1982
6.20,5.906,13.00,2631,2034,2011
6.94,5.906,29.99,2632,509,2015
6.31,5.906,59.95,2633,1546,2010
6.13,5.905,19.95,2636,2457,1973
6.09,5.905,14.99,2640,3732,1982
8.03,5.904,83.00,2641,241,2010
6.82,5.902,29.99,2656,596,2018
6.47,5.901,29.95,2661,870,2006
6.91,5.901,29.99,2662,565,2015
6.52,5.901,24.95,2665,1119,2012
6.61,5.901,9.99,2668,748,2011
6.41,5.900,49.90,2669,1072,2008
6.73,5.899,39.99,2674,626,2016
6.62,5.897,49.99,2683,698,2012
6.57,5.897,13.99,2684,751,2013
6.20,5.896,16.00,2691,2211,2011
6.88,5.895,79.99,2694,524,2013
6.26,5.894,29.99,2696,1394,2013
6.78,5.892,20.00,2706,549,2017
6.65,5.890,34.99,2716,645,2012
6.28,5.890,24.95,2719,1820,2008
6.12,5.889,24.99,2724,4272,2002
6.54,5.888,10.00,2726,730,2017
6.18,5.888,20.00,2730,1722,1999
6.32,5.888,27.99,2731,1270,2008
6.50,5.887,16.99,2738,1068,2005
6.93,5.885,80.00,2748,535,2006
7.25,5.885,50.07,2749,376,2017
7.08,5.884,59.99,2752,435,2017
6.39,5.884,13.97,2753,1049,2018
6.90,5.883,29.99,2758,526,2018
6.35,5.883,30.00,2759,1019,2007
6.88,5.883,74.99,2761,788,2015
6.57,5.882,20.00,2763,720,2017
6.31,5.881,19.95,2765,1196,2003
7.14,5.881,100.00,2766,404,1980
7.44,5.881,29.99,2767,313,2018
7.10,5.881,34.99,2768,410,2017
6.31,5.881,24.99,2771,1122,2006
6.60,5.880,49.99,2775,670,2014
6.88,5.879,38.00,2778,501,2003
6.50,5.879,44.99,2781,865,2011
6.42,5.879,59.99,2785,907,2010
6.86,5.878,59.90,2787,509,2013
6.07,5.877,19.99,2790,4366,2008
6.62,5.877,24.99,2791,637,2003
6.40,5.876,49.99,2798,923,2014
6.92,5.825,15.90,3101,387,2013
6.91,5.825,62.98,3102,386,2000
6.31,5.824,37.95,3103,870,2002
6.39,5.823,24.99,3108,710,2011
7.80,5.823,29.99,3110,251,2016
7.76,5.823,55.00,3112,227,2014
7.32,5.823,22.99,3114,263,2016
6.90,5.822,26.99,3117,363,2014
6.64,5.821,59.95,3121,543,1985
6.73,5.821,79.99,3126,562,2014
6.30,5.820,49.99,3130,1003,2015
6.65,5.819,14.99,3135,494,2010
7.04,5.819,28.95,3137,324,2017
6.85,5.818,9.00,3141,386,2000
6.85,5.817,39.65,3149,428,2014
6.67,5.817,29.99,3150,502,2016
6.93,5.817,79.99,3155,393,2017
7.37,5.816,79.95,3159,308,2013
6.15,5.816,49.99,3161,1522,2013
7.28,5.815,75.00,3166,295,2014
7.20,5.814,69.00,3171,288,2016
6.23,5.814,39.99,3172,942,2011
7.08,5.814,49.95,3173,386,2016
7.07,5.814,39.99,3174,349,2014
6.33,5.813,15.00,3180,1046,2016
7.44,5.813,9.00,3186,249,2001
7.17,5.812,40.00,3188,374,2018
6.56,5.812,40.99,3189,530,2012
6.31,5.812,34.95,3191,826,2013
5.96,5.812,24.99,3192,5834,1982
6.65,5.812,34.99,3193,450,2012
6.46,5.812,34.99,3197,644,2016
6.64,5.811,54.95,3202,473,2011
7.05,5.810,64.99,3209,336,2013
6.14,5.810,39.99,3213,1229,1993
7.35,5.807,25.00,3223,247,2018
6.19,5.807,49.99,3224,1490,2004
6.48,5.807,24.95,3232,566,2016
6.70,5.806,39.99,3236,478,2017
7.95,5.805,25.00,3240,209,2016
6.77,5.805,29.99,3241,621,2008
6.68,5.805,18.00,3242,469,2016
6.16,5.804,39.99,3249,1324,1979
6.73,5.804,23.99,3250,418,2010
6.43,5.804,49.99,3253,587,2008
6.43,5.803,29.99,3258,570,2012
6.51,5.802,30.00,3268,570,2011
6.60,5.801,29.99,3274,480,2017
7.45,5.801,21.14,3276,236,2018
6.73,5.801,69.90,3282,417,2015
6.30,5.800,29.95,3283,830,2012
6.85,5.800,49.99,3287,363,2013
6.17,5.800,24.99,3288,1370,2004
6.21,5.800,29.99,3293,972,2008
7.05,5.799,39.99,3298,313,2015
8.62,5.798,25.00,3301,157,2016
6.76,5.798,20.00,3304,410,2015
6.45,5.798,19.99,3307,583,2016
6.11,5.798,29.99,3309,1706,2002
6.11,5.797,16.99,3311,1243,1993
6.67,5.797,125.00,3312,492,2015
8.07,5.796,85.00,3319,196,2012
7.05,5.796,59.97,3325,330,2018
6.59,5.795,36.99,3326,476,2012
7.95,5.795,39.95,3327,182,2018
6.81,5.795,39.99,3328,384,2015
6.53,5.795,59.99,3329,489,2016
6.08,5.795,14.99,3330,1543,2005
6.40,5.795,29.99,3331,621,2010
7.15,5.794,49.99,3333,320,2018
6.37,5.793,44.99,3340,671,2011
6.21,5.793,24.95,3342,1198,2007
6.22,5.793,11.95,3343,849,1999
7.26,5.792,27.99,3346,259,2016
6.69,5.792,59.90,3347,422,2016
6.94,5.792,30.00,3348,337,2017
6.57,5.792,54.99,3349,490,2013
6.73,5.790,19.99,3358,492,2016
7.41,5.790,24.40,3363,228,2018
6.24,5.790,14.99,3365,896,2002
6.38,5.789,44.99,3366,704,1986
6.89,5.789,35.00,3371,384,2017
6.08,5.789,24.99,3378,1607,2001
6.22,5.789,11.99,3381,919,2006
6.56,5.788,19.95,3384,502,1996
6.44,5.788,19.99,3386,547,2015
6.66,5.787,49.99,3391,439,2015
6.32,5.787,299.99,3392,789,1979
7.03,5.786,24.99,3398,314,2012
6.64,5.724,12.95,4003,359,1989
6.37,5.723,36.99,4005,526,2004
6.58,5.723,39.99,4006,306,2014
5.92,5.723,24.95,4009,2399,2005
6.44,5.723,55.00,4012,385,2012
6.84,5.723,30.00,4013,262,2011
6.33,5.723,9.99,4017,487,2012
7.22,5.722,34.99,4026,238,2012
6.47,5.722,24.99,4028,433,2014
6.46,5.722,19.99,4029,368,2005
6.58,5.722,29.99,4031,317,2011
6.55,5.722,15.99,4033,362,1986
6.53,5.721,39.99,4046,361,2016
6.28,5.721,24.99,4052,540,2003
6.33,5.720,19.95,4058,485,2012
6.77,5.720,24.95,4063,262,2015
6.76,5.719,59.99,4071,285,2006
6.04,5.718,24.99,4079,906,2013
6.13,5.717,14.99,4090,661,2012
6.04,5.716,39.99,4094,925,2013
6.92,5.716,58.99,4098,243,2015
6.58,5.715,59.99,4108,315,2014
6.23,5.715,14.99,4109,555,2016
6.20,5.714,24.99,4113,574,2003
6.01,5.714,37.99,4115,904,2004
6.28,5.714,24.99,4119,480,2015
6.48,5.713,14.99,4123,344,2014
7.03,5.713,54.99,4128,203,2013
6.29,5.713,19.95,4129,504,2005
6.12,5.712,34.99,4139,665,1995
6.87,5.711,39.99,4147,250,2014
6.36,5.711,29.99,4149,429,2012
6.06,5.711,59.95,4151,977,2018
6.18,5.710,45.00,4158,558,2007
7.56,5.710,60.00,4166,176,2016
6.19,5.709,29.99,4168,587,2009
6.17,5.709,30.00,4170,588,2006
6.64,5.709,29.99,4171,342,2009
6.18,5.709,54.99,4172,573,2011
6.46,5.709,39.99,4173,363,2012
6.10,5.709,19.99,4174,713,2011
6.44,5.708,25.00,4182,385,2014
6.20,5.708,9.99,4190,531,1997
5.92,5.707,12.99,4195,1853,1996
6.40,5.707,23.99,4196,385,2015
6.38,5.707,30.00,4199,409,2007
5.92,5.698,24.99,4302,1246,2002
5.95,5.698,32.99,4304,1282,1990
6.00,5.697,11.99,4307,1175,2007
6.47,5.697,24.99,4311,322,2004
8.64,5.695,80.00,4337,95,2012
6.15,5.695,20.00,4338,550,2004
6.37,5.695,24.99,4339,367,2006
6.14,5.694,70.00,4340,574,2008
6.01,5.694,24.99,4345,768,2008
6.42,5.693,19.99,4350,348,2016
7.94,5.693,149.99,4354,148,2017
6.33,5.693,6.99,4363,381,2015
6.37,5.692,39.99,4373,387,2016
6.26,5.692,12.99,4379,425,2006
6.73,5.691,49.99,4381,225,2015
6.67,5.691,44.99,4388,257,2012
7.34,5.691,19.99,4392,180,2018
6.53,5.690,29.99,4396,307,2018
7.01,5.690,71.98,4398,204,2004
5.88,5.683,24.99,4504,2440,2005
6.53,5.683,39.99,4506,267,2013
6.37,5.683,49.99,4507,361,2012
5.89,5.683,24.99,4510,2162,2003
6.08,5.681,34.99,4531,603,2010
7.76,5.680,99.95,4557,227,2019
6.86,5.680,24.99,4564,184,2018
6.55,5.680,19.99,4565,264,2017
6.44,5.678,34.99,4580,317,2015
6.49,5.678,14.99,4584,278,2017
6.97,5.678,20.00,4585,170,2017
6.19,5.678,19.90,4592,593,2014
6.68,5.677,24.95,4598,236,2011
6.30,5.660,39.99,4903,340,2013
6.65,5.660,79.99,4906,221,2012
6.82,5.659,30.00,4913,239,2016
6.18,5.659,12.95,4931,459,2006
8.04,5.659,57.00,4934,128,2018
5.86,5.658,24.99,4953,1094,1994
6.04,5.656,29.99,4978,681,2011
6.39,5.655,19.90,4992,290,2015
6.36,5.655,29.99,5006,298,2011
6.13,5.654,59.95,5013,398,2011
6.53,5.654,59.99,5014,234,2011
6.46,5.654,34.99,5017,260,2016
6.52,5.654,30.00,5018,252,2014
6.77,5.654,29.99,5019,177,2012
6.78,5.654,17.95,5020,192,2016
6.13,5.654,24.99,5027,460,2006
5.98,5.654,11.99,5029,621,2014
6.93,5.653,89.99,5039,155,2014
5.83,5.653,29.99,5047,13588,2001
6.82,5.652,49.99,5059,182,2007
6.37,5.652,44.99,5061,293,2014
6.00,5.652,19.99,5069,649,2004
6.17,5.652,59.90,5070,389,2013
5.97,5.630,17.99,5505,588,2014
5.90,5.630,39.99,5519,633,2013
6.08,5.630,29.99,5525,417,2004
6.85,5.630,19.99,5527,142,2010
6.17,5.630,13.16,5533,317,2017
6.64,5.629,45.00,5546,182,2018
6.48,5.628,39.99,5563,190,2018
5.99,5.628,15.00,5576,443,2005
6.26,5.627,19.99,5586,291,2009
6.07,5.626,16.99,5609,378,2001
6.22,5.626,10.79,5624,360,2014
5.94,5.625,34.99,5637,650,2013
6.18,5.625,13.99,5638,325,2009
6.12,5.625,14.99,5649,338,1968
6.02,5.624,19.99,5657,443,1989
6.95,5.624,29.99,5661,122,2003
5.92,5.624,19.99,5665,618,2014
6.04,5.624,29.99,5669,391,1971
6.86,5.624,34.99,5672,143,2017
6.23,5.624,19.99,5674,318,2016
6.11,5.623,12.95,5691,388,2012
8.12,5.623,46.00,5696,57,2017
6.74,5.623,49.95,5697,163,2015
6.52,5.623,89.56,5702,186,2007
6.95,5.622,59.99,5712,126,2016
6.45,5.622,30.00,5716,202,2017
6.66,5.622,17.56,5722,166,2015
6.29,5.622,26.99,5738,268,1958
6.32,5.621,59.95,5748,247,2008
6.59,5.621,49.99,5763,169,2016
6.30,5.621,24.99,5776,228,2004
6.03,5.620,19.99,5783,420,2011
7.07,5.620,79.35,5800,111,2009
5.80,5.617,15.00,5901,911,2004
6.75,5.616,60.00,5903,151,2015
6.20,5.616,10.99,5909,279,2012
6.34,5.616,19.90,5915,244,2016
6.42,5.616,84.95,5929,250,2015
6.97,5.615,79.99,5930,116,2015
5.97,5.615,30.00,5936,413,2012
5.82,5.614,13.00,5962,707,2017
6.09,5.614,21.99,5969,342,1998
6.31,5.614,49.95,5977,253,2008
6.46,5.613,49.99,5990,168,2015
7.07,5.613,14.99,5995,105,2018
5.69,5.591,16.99,6709,6556,1954
7.31,5.590,59.95,6758,70,2018
5.91,5.589,21.99,6782,604,2012
6.64,5.589,17.95,6804,112,2005
5.91,5.588,20.00,6847,473,2015
5.84,5.588,25.00,6857,480,2005
5.90,5.587,35.00,6870,400,2008
5.95,5.587,24.99,6871,319,2007
6.06,5.587,39.99,6872,374,2006
6.79,5.587,64.99,6873,89,2015
6.46,5.587,19.99,6874,141,2018
6.22,5.587,34.99,6885,177,2013
6.13,5.581,22.00,7119,193,2016
6.17,5.580,41.99,7142,187,2013
6.50,5.580,10.23,7145,122,2017
6.16,5.580,16.99,7165,176,2012
6.18,5.580,9.95,7170,187,2016
6.00,5.579,34.90,7191,238,2016
5.68,5.576,15.99,7315,14268,1997
6.14,5.575,20.00,7357,177,2016
5.90,5.575,19.99,7364,341,2010
6.05,5.575,30.00,7365,209,2009
6.03,5.575,4.99,7377,224,2009
6.12,5.574,6.99,7386,188,2015
5.97,5.574,9.90,7412,461,2012
5.73,5.574,7.00,7418,646,1990
5.69,5.574,34.99,7424,1835,2001
5.76,5.574,39.99,7426,1000,2011
7.33,5.574,38.75,7437,63,2016
5.68,5.573,12.50,7461,2235,1956
5.75,5.570,20.09,7643,733,2013
6.92,5.570,74.99,7646,112,2017
6.10,5.570,24.99,7651,167,2015
5.87,5.569,29.99,7691,326,2016
5.98,5.567,34.99,7809,208,2012
7.26,5.566,45.99,7834,73,2012
7.11,5.566,67.48,7858,64,2012
5.67,5.566,12.99,7860,821,1991
5.76,5.565,24.99,7868,526,2001
6.26,5.565,54.99,7883,137,2014
6.09,5.560,12.99,8217,163,2009
6.23,5.560,30.00,8224,146,2017
7.63,5.559,49.00,8266,43,2006
6.11,5.559,20.00,8275,177,2010
5.94,5.559,19.95,8297,196,2015
6.51,5.559,74.99,8300,92,2017
6.38,5.559,79.99,8301,135,2016
5.76,5.559,14.99,8316,398,1995
6.02,5.558,49.95,8347,225,2013
6.61,5.558,29.95,8368,66,2016
6.17,5.557,24.99,8379,128,2011
6.59,5.557,34.95,8391,73,2017
5.64,5.557,12.99,8399,1554,2014
6.12,5.555,34.95,8550,117,2012
7.18,5.554,60.00,8577,119,2016
6.50,5.554,14.99,8584,73,2018
6.30,5.554,19.19,8616,89,2018
5.68,5.554,36.99,8617,875,1992
5.87,5.554,5.77,8634,209,2015
7.44,5.554,34.99,8650,71,2016
6.36,5.553,17.95,8664,93,2009
6.61,5.553,20.00,8683,84,2016
5.93,5.553,14.95,8693,186,2015
5.94,5.553,29.99,8698,187,2017
5.82,5.553,16.00,8707,270,2002
7.41,5.552,38.95,8746,36,2011
6.19,5.552,59.43,8756,140,2007
5.69,5.552,26.99,8759,488,2006
5.82,5.552,49.95,8785,250,1998
6.15,5.552,34.99,8797,110,2018
5.77,5.551,9.99,8842,269,2015
6.20,5.551,39.99,8855,131,2013
6.80,5.550,20.95,8872,50,2011
7.09,5.538,19.95,9910,39,2016
6.31,5.538,29.95,9915,90,2015
6.66,5.538,49.99,9931,54,2016
6.71,5.538,39.99,9947,120,2017
5.73,5.537,12.99,9981,690,2015
6.96,5.537,39.99,10048,39,2019
6.55,5.536,14.95,10078,51,2016
5.62,5.532,34.99,10505,1584,1994
5.90,5.532,12.99,10540,223,2013
5.67,5.532,15.99,10563,369,2001
5.85,5.531,3.99,10631,161,2005
6.64,5.531,12.55,10655,47,2018
5.59,5.531,63.46,10683,704,2006
5.75,5.530,44.99,10699,212,2013
6.04,5.530,24.99,10712,80,2009
6.07,5.530,30.00,10748,106,2012
6.26,5.530,39.95,10755,53,2016
6.19,5.528,39.99,10912,75,2017
6.13,5.528,39.95,10976,83,2016
6.19,5.526,19.76,11202,51,2010
5.58,5.525,25.99,11220,9346,1983
6.49,5.525,25.00,11226,42,2018
5.94,5.525,39.99,11259,123,2009
5.79,5.525,24.99,11303,132,2004
5.58,5.525,11.99,11313,1219,2000
5.84,5.524,29.99,11335,126,2012
5.91,5.522,39.90,11620,101,2016
5.76,5.521,14.95,11661,107,2017
5.70,5.521,49.99,11663,183,2015
6.05,5.521,19.99,11679,82,2016
5.87,5.521,24.99,11682,58,2013
6.17,5.520,67.50,11802,46,2010
6.41,5.519,14.95,11898,43,2017
5.83,5.518,24.99,12003,91,2011
5.98,5.518,24.99,12014,56,2015
6.21,5.518,49.95,12025,34,2009
5.79,5.518,49.95,12030,80,2016
6.14,5.518,49.99,12075,51,2012
6.08,5.517,14.99,12091,37,2015
5.61,5.517,39.99,12098,230,2008
5.61,5.517,34.99,12134,1203,2003
5.63,5.517,32.40,12145,346,2001
5.76,5.517,19.99,12152,184,2010
5.74,5.517,25.00,12156,114,2015
5.85,5.517,12.99,12160,60,2013
5.93,5.514,29.99,12414,31,2011
5.64,5.514,14.99,12418,140,2012
6.19,5.514,14.99,12448,30,2017
5.70,5.514,34.99,12478,177,2005
5.68,5.514,19.99,12481,98,2017
5.96,5.513,28.00,12502,55,2012
5.75,5.513,49.95,12539,67,2017
6.07,5.513,49.99,12552,35,2015
5.62,5.513,10.60,12574,386,2006
5.63,5.510,44.99,12919,128,2011
5.55,5.509,32.95,12957,248,2000
5.65,5.509,24.95,12978,77,2008
5.57,5.500,29.99,13909,43,2008
5.50,5.500,12.00,13911,61,2003
5.67,5.500,19.99,13929,61,2006
5.53,5.499,19.99,13957,77,2013
5.57,5.490,13.88,14721,104,2012
5.23,5.490,6.99,14724,68,2014
5.44,5.490,34.99,14738,176,2004
5.49,5.489,39.99,14788,408,2006
5.31,5.489,19.99,14798,80,2008
5.37,5.479,25.00,15373,158,2012
5.23,5.479,14.99,15385,91,2010
5.09,5.478,29.99,15399,40,1960
4.55,5.445,14.99,16321,79,2013
5.31,5.444,12.99,16332,376,2003
5.07,5.444,16.99,16333,161,2013
3.53,5.444,29.99,16346,45,2012
5.37,5.443,27.97,16364,684,1985
5.42,5.443,15.00,16365,1180,1996
5.18,5.442,24.99,16379,242,2008
5.25,5.440,39.99,16390,285,2006
4.85,5.440,39.99,16396,117,2013
3.89,5.236,13.30,16909,248,2004
5.01,5.236,26.99,16910,1228,1996
4.06,5.225,17.00,16914,287,1916
4.68,5.199,12.99,16919,698,2002
5.21,5.189,29.99,16923,6884,1981
4.47,5.186,37.99,16924,495,1999
3.67,5.172,19.99,16926,279,2006
5.10,5.171,19.99,16927,3613,1893
4.76,5.162,9.99,16928,926,1962
4.36,5.157,9.99,16932,610,1989
4.73,5.155,10.99,16934,930,1965
4.77,5.137,16.99,16937,1139,1967
3.04,5.108,17.99,16940,232,1855
4.57,5.082,24.99,16943,983,1940
4.76,5.080,29.99,16944,1603,1991
5.09,5.079,6.99,16945,6186,1982
4.68,5.071,12.99,16947,1228,2004
4.04,5.070,9.99,16948,507,1990
4.74,5.011,22.99,16952,2031,1959
2.77,5.003,25.00,16953,277,1973
4.58,4.993,23.99,16954,1301,1700
4.77,4.992,18.99,16955,2149,1975
4.21,4.986,9.99,16956,788,1976
4.28,4.980,10.99,16958,883,1973
3.84,4.975,24.99,16959,588,2001
4.85,4.933,12.99,16961,5608,1974
4.86,4.929,5.00,16962,6079,1150
4.78,4.924,17.99,16963,3673,1979
4.31,4.902,11.99,16964,1180,1990
3.64,4.893,31.24,16965,608,1973
3.28,4.828,25.99,16966,538,2002
4.38,4.791,29.99,16969,1919,2016
4.54,4.762,21.99,16971,3235,1966
4.25,4.728,9.99,16972,1852,1850
4.59,4.674,16.99,16974,7089,1931
4.47,4.666,19.99,16975,3697,400
4.11,4.627,29.99,16976,1956,1966
3.31,4.625,10.79,16977,798,1927
4.49,4.624,12.99,16978,4967,1929
3.48,4.604,19.99,16979,1007,1997
4.09,4.538,24.99,16982,2320,1963
4.07,4.470,19.99,16983,2995,1965
4.38,4.322,19.99,16984,23378,1933
3.76,4.266,12.99,16985,2694,1965
4.23,4.244,19.99,16986,8750,1960
2.76,3.858,17.99,16989,1791,1530
3.17,3.756,10.99,16990,3385,1949
2.81,3.563,12.99,16991,3101,-200